{
 "Cl": {
  "min": 0.222, 
  "max": 391.5, 
  "midian": 32.730000000000004, 
  "quartiles": [
   10.936, 
   32.4, 
   57.75
  ], 
  "miss_num": 10, 
  "mean": 43.636278842105284
 }, 
 "Chla": {
  "min": 0.2, 
  "max": 110.456, 
  "midian": 5.475, 
  "quartiles": [
   2.0, 
   5.45, 
   18.3
  ], 
  "miss_num": 12, 
  "mean": 13.971196808510639
 }, 
 "mnO2": {
  "min": 1.5, 
  "max": 13.4, 
  "midian": 9.8, 
  "quartiles": [
   7.7, 
   9.8, 
   10.8
  ], 
  "miss_num": 2, 
  "mean": 9.117777777777775
 }, 
 "mxPH": {
  "min": 5.6, 
  "max": 9.7, 
  "midian": 8.06, 
  "quartiles": [
   7.7, 
   8.06, 
   8.4
  ], 
  "miss_num": 1, 
  "mean": 8.011733668341707
 }, 
 "a1": {
  "min": 0.0, 
  "max": 89.8, 
  "midian": 6.95, 
  "quartiles": [
   1.5, 
   6.9, 
   24.8
  ], 
  "miss_num": 0, 
  "mean": 16.923499999999997
 }, 
 "NH4": {
  "min": 5.0, 
  "max": 24064.0, 
  "midian": 103.1665, 
  "quartiles": [
   37.778, 
   102.75, 
   224.286
  ], 
  "miss_num": 2, 
  "mean": 501.29582838383845
 }, 
 "a3": {
  "min": 0.0, 
  "max": 42.8, 
  "midian": 1.55, 
  "quartiles": [
   0.0, 
   1.5, 
   4.9
  ], 
  "miss_num": 0, 
  "mean": 4.309500000000001
 }, 
 "a2": {
  "min": 0.0, 
  "max": 72.6, 
  "midian": 3.0, 
  "quartiles": [
   0.0, 
   2.9, 
   11.3
  ], 
  "miss_num": 0, 
  "mean": 7.458500000000003
 }, 
 "a5": {
  "min": 0.0, 
  "max": 44.4, 
  "midian": 1.9, 
  "quartiles": [
   0.0, 
   1.9, 
   7.5
  ], 
  "miss_num": 0, 
  "mean": 5.064500000000001
 }, 
 "a4": {
  "min": 0.0, 
  "max": 44.6, 
  "midian": 0.0, 
  "quartiles": [
   0.0, 
   0.0, 
   2.4
  ], 
  "miss_num": 0, 
  "mean": 1.9924999999999995
 }, 
 "a7": {
  "min": 0.0, 
  "max": 31.6, 
  "midian": 1.0, 
  "quartiles": [
   0.0, 
   1.0, 
   2.4
  ], 
  "miss_num": 0, 
  "mean": 2.4954999999999985
 }, 
 "a6": {
  "min": 0.0, 
  "max": 77.6, 
  "midian": 0.0, 
  "quartiles": [
   0.0, 
   0.0, 
   6.9
  ], 
  "miss_num": 0, 
  "mean": 5.9639999999999995
 }, 
 "oPO4": {
  "min": 1.0, 
  "max": 564.59998, 
  "midian": 40.15, 
  "quartiles": [
   14.667, 
   39.0, 
   87.333
  ], 
  "miss_num": 2, 
  "mean": 73.59059595959597
 }, 
 "PO4": {
  "min": 1.0, 
  "max": 771.59998, 
  "midian": 103.2855, 
  "quartiles": [
   40.0, 
   102.333, 
   211.66701
  ], 
  "miss_num": 2, 
  "mean": 137.882100959596
 }, 
 "NO3": {
  "min": 0.05, 
  "max": 45.65, 
  "midian": 2.675, 
  "quartiles": [
   1.287, 
   2.64, 
   4.188
  ], 
  "miss_num": 2, 
  "mean": 3.282388888888888
 }
}